{"module": "keras", "class_name": "Sequential", "config": {"name": "sequential", "trainable": true, "dtype": {"module": "keras", "class_name": "DTypePolicy", "config": {"name": "float32"}, "registered_name": null}, "layers": [{"module": "keras.layers", "class_name": "InputLayer", "config": {"batch_shape": [null, 6], "dtype": "float32", "sparse": false, "name": "input_layer"}, "registered_name": null}, {"module": "keras.layers", "class_name": "Dense", "config": {"name": "dense", "trainable": true, "dtype": {"module": "keras", "class_name": "DTypePolicy", "config": {"name": "float32"}, "registered_name": null}, "units": 64, "activation": "relu", "use_bias": true, "kernel_initializer": {"module": "keras.initializers", "class_name": "GlorotUniform", "config": {"seed": null}, "registered_name": null}, "bias_initializer": {"module": "keras.initializers", "class_name": "Zeros", "config": {}, "registered_name": null}, "kernel_regularizer": null, "bias_regularizer": null, "kernel_constraint": null, "bias_constraint": null}, "registered_name": null, "build_config": {"input_shape": [null, 6]}}, {"module": "keras.layers", "class_name": "BatchNormalization", "config": {"name": "batch_normalization", "trainable": true, "dtype": {"module": "keras", "class_name": "DTypePolicy", "config": {"name": "float32"}, "registered_name": null}, "axis": -1, "momentum": 0.99, "epsilon": 0.001, "center": true, "scale": true, "beta_initializer": {"module": "keras.initializers", "class_name": "Zeros", "config": {}, "registered_name": null}, "gamma_initializer": {"module": "keras.initializers", "class_name": "Ones", "config": {}, "registered_name": null}, "moving_mean_initializer": {"module": "keras.initializers", "class_name": "Zeros", "config": {}, "registered_name": null}, "moving_variance_initializer": {"module": "keras.initializers", "class_name": "Ones", "config": {}, "registered_name": null}, "beta_regularizer": null, "gamma_regularizer": null, "beta_constraint": null, "gamma_constraint": null, "synchronized": false}, "registered_name": null, "build_config": {"input_shape": [null, 64]}}, {"module": "keras.layers", "class_name": "Dense", "config": {"name": "dense_1", "trainable": true, "dtype": {"module": "keras", "class_name": "DTypePolicy", "config": {"name": "float32"}, "registered_name": null}, "units": 32, "activation": "relu", "use_bias": true, "kernel_initializer": {"module": "keras.initializers", "class_name": "GlorotUniform", "config": {"seed": null}, "registered_name": null}, "bias_initializer": {"module": "keras.initializers", "class_name": "Zeros", "config": {}, "registered_name": null}, "kernel_regularizer": null, "bias_regularizer": null, "kernel_constraint": null, "bias_constraint": null}, "registered_name": null, "build_config": {"input_shape": [null, 64]}}, {"module": "keras.layers", "class_name": "BatchNormalization", "config": {"name": "batch_normalization_1", "trainable": true, "dtype": {"module": "keras", "class_name": "DTypePolicy", "config": {"name": "float32"}, "registered_name": null}, "axis": -1, "momentum": 0.99, "epsilon": 0.001, "center": true, "scale": true, "beta_initializer": {"module": "keras.initializers", "class_name": "Zeros", "config": {}, "registered_name": null}, "gamma_initializer": {"module": "keras.initializers", "class_name": "Ones", "config": {}, "registered_name": null}, "moving_mean_initializer": {"module": "keras.initializers", "class_name": "Zeros", "config": {}, "registered_name": null}, "moving_variance_initializer": {"module": "keras.initializers", "class_name": "Ones", "config": {}, "registered_name": null}, "beta_regularizer": null, "gamma_regularizer": null, "beta_constraint": null, "gamma_constraint": null, "synchronized": false}, "registered_name": null, "build_config": {"input_shape": [null, 32]}}, {"module": "keras.layers", "class_name": "Dense", "config": {"name": "dense_2", "trainable": true, "dtype": {"module": "keras", "class_name": "DTypePolicy", "config": {"name": "float32"}, "registered_name": null}, "units": 16, "activation": "relu", "use_bias": true, "kernel_initializer": {"module": "keras.initializers", "class_name": "GlorotUniform", "config": {"seed": null}, "registered_name": null}, "bias_initializer": {"module": "keras.initializers", "class_name": "Zeros", "config": {}, "registered_name": null}, "kernel_regularizer": null, "bias_regularizer": null, "kernel_constraint": null, "bias_constraint": null}, "registered_name": null, "build_config": {"input_shape": [null, 32]}}, {"module": "keras.layers", "class_name": "Dense", "config": {"name": "dense_3", "trainable": true, "dtype": {"module": "keras", "class_name": "DTypePolicy", "config": {"name": "float32"}, "registered_name": null}, "units": 6, "activation": "softmax", "use_bias": true, "kernel_initializer": {"module": "keras.initializers", "class_name": "GlorotUniform", "config": {"seed": null}, "registered_name": null}, "bias_initializer": {"module": "keras.initializers", "class_name": "Zeros", "config": {}, "registered_name": null}, "kernel_regularizer": null, "bias_regularizer": null, "kernel_constraint": null, "bias_constraint": null}, "registered_name": null, "build_config": {"input_shape": [null, 16]}}], "build_input_shape": [null, 6]}, "registered_name": null, "build_config": {"input_shape": [null, 6]}, "compile_config": {"optimizer": {"module": "keras.optimizers", "class_name": "RMSprop", "config": {"name": "rmsprop", "learning_rate": 0.0010000000474974513, "weight_decay": null, "clipnorm": null, "global_clipnorm": null, "clipvalue": null, "use_ema": false, "ema_momentum": 0.99, "ema_overwrite_frequency": null, "loss_scale_factor": null, "gradient_accumulation_steps": null, "rho": 0.9, "momentum": 0.0, "epsilon": 1e-07, "centered": false}, "registered_name": null}, "loss": "categorical_crossentropy", "loss_weights": null, "metrics": ["accuracy"], "weighted_metrics": null, "run_eagerly": false, "steps_per_execution": 1, "jit_compile": false}}